Year,Experiment,Location,Treatment,Trt_code,Rep,Plot,Baseline Nitrate,Recalculated IWG Grain kg/ha,Recalculated IWG Straw kg/ha,Legume Biomass kg/ha,Total VBiomass,Legume,Weed Biomass kg/ha,Legume weed biomass kg/ha,Plot,IWG_%C,IWG_13C,IWG_%N,IWG_15N,IWG_CN,Diff_IWG_LEG,Leg_Fraction,% N_transfer
2017,Legume Trial,Lamberton,40 Lbs lb N/Ac,MedN,1,108,,277.736,1990.64,NA,1990.64,0,14.35406699,8.373205742,108,43.3502966,-29.475,3.82,4.5579,11.3535,NA,NA,NA
2017,Legume Trial,Lamberton,40 Lbs lb N/Ac,MedN,2,206,,330.184,2395.92,NA,2395.92,0,166.2679426,58.61244019,206,42.8336821,-29.109,3.98,3.04,10.7502,NA,NA,NA
2017,Legume Trial,Lamberton,40 Lbs lb N/Ac,MedN,3,301,,344.488,2395.92,NA,2395.92,0,377.9904306,409.0909091,301,43.5853258,-28.991,4.18,3.6803,10.4337,NA,NA,NA
2017,Legume Trial,Lamberton,40 Lbs lb N/Ac,MedN,4,406,,373.096,2920.4,NA,2920.4,0,19.13875598,0,406,43.115598,-28.979,3.86,2.3494,11.1606,NA,NA,NA
2017,Legume Trial,Lamberton,80 Lbs lb N/Ac,HiN,1,102,,0,2515.12,NA,2515.12,0,290.6698565,0,102,43.4499941,-28.985,3.8,5.6184,11.4204,NA,NA,NA
2017,Legume Trial,Lamberton,80 Lbs lb N/Ac,HiN,2,203,,296.808,1704.56,NA,1704.56,0,473.6842105,0,203,43.1055845,-28.964,3.82,5.3934,11.2818,NA,NA,NA
2017,Legume Trial,Lamberton,80 Lbs lb N/Ac,HiN,3,306,,10.728,NA,NA,NA,0,1062.200957,313.3971292,306,43.3594951,-29.333,3.93,5.9651,11.0396,NA,NA,NA
2017,Legume Trial,Lamberton,80 Lbs lb N/Ac,HiN,4,405,,151.384,1609.2,NA,1609.2,0,385.1674641,380.3827751,405,43.1697973,-29.353,4.18,2.5745,10.3366,NA,NA,NA
2017,Legume Trial,Lamberton,Alfalfa,Alf,1,105,,268.2,1919.12,694.9760766,2614.096077,1,10.76555024,0,105,41.8691798,-30.193,3.4,4.3231,12.3177,0.06311651,0.9663694,-0.372058541
2017,Legume Trial,Lamberton,Alfalfa,Alf,2,204,,7.152,393.36,2187.799043,2581.159043,1,130.3827751,0,204,41.7965533,-30.388,3.11,4.4905,13.421,0.08048618,0.95338885,-0.413486679
2017,Legume Trial,Lamberton,Alfalfa,Alf,3,309,,257.472,2062.16,619.6172249,2681.777225,1,0,0,309,NA,NA,NA,NA,NA,NA,NA,NA
2017,Legume Trial,Lamberton,Alfalfa,Alf,4,404,,218.136,2348.24,1272.727273,3620.967273,1,0,0,404,41.7693184,-30.151,3.44,2.1686,12.1454,0.05864663,0.98543577,0.161226082
2017,Legume Trial,Lamberton,Alsike Clover,AlCl,1,107,,119.2,631.76,877.9904306,1509.750431,1,78.94736842,0,107,41.88,-28.73,3.18,5.21,13.1728,4.80104702,0.16164661,-0.591843322
2017,Legume Trial,Lamberton,Alsike Clover,AlCl,2,202,,61.984,202.64,2336.124402,2538.764402,1,227.2727273,0,202,41.7,-28.9,3.13,4.25,13.34,3.83518443,0.33030444,-0.352768423
2017,Legume Trial,Lamberton,Alsike Clover,AlCl,3,305,,19.072,274.16,1055.023923,1329.183923,1,0,0,305,41.77,-29.04,3.27,3.2,12.7825,2.79470023,0.51199261,-0.095222828
2017,Legume Trial,Lamberton,Alsike Clover,AlCl,4,409,,28.608,131.12,1578.947368,1710.067368,1,9.56937799,0,409,41.63,-29.02,3.23,3.06,12.8748,2.64915556,0.53740746,-0.05919692
2017,Legume Trial,Lamberton,Birdsfoot Trefoil,BTre,1,104,,393.36,2062.16,299.0430622,2361.203062,1,255.9808612,15.55023923,104,42.105216,-29.912,3.86,2.8423,10.9008,3.0224877,0.52152396,-0.005529876
2017,Legume Trial,Lamberton,Birdsfoot Trefoil,BTre,2,205,,81.056,1394.64,1205.741627,2600.381627,1,180.6220096,0,205,42.0507461,-29.836,3.78,2.744,11.1177,2.92418423,0.53708593,0.018802665
2017,Legume Trial,Lamberton,Birdsfoot Trefoil,BTre,3,302,,234.824,1561.52,1681.818182,3243.338182,1,191.3875598,0,302,41.9781196,-30.187,3.73,1.2907,11.2568,1.47086084,0.76715483,0.378536179
2017,Legume Trial,Lamberton,Birdsfoot Trefoil,BTre,4,402,,377.864,1561.52,394.7368421,1956.256842,1,129.1866029,0,402,41.496969,-30.26,3.58,1.6266,11.595,1.80672687,0.71398543,0.295401022
2017,Legume Trial,Lamberton,Canada Milk Vetch,CMV,1,101,,56.341,345.68,0,345.68,1,1925.837321,0,101,41.809557,-28.699,3.47,4.9648,12.0484,NA,NA,NA
2017,Legume Trial,Lamberton,Canada Milk Vetch,CMV,2,201,,667.52,3897.84,0,3897.84,1,9.56937799,25.11961722,201,41.21,-29.01,3.46,4.64,11.9103,NA,NA,NA
2017,Legume Trial,Lamberton,Canada Milk Vetch,CMV,3,308,,288.464,1418.48,23.92344498,1442.403445,1,186.6028708,9.56937799,308,41.47,-28.82,3.62,2.01,11.4683,0.44752127,0.90221872,0.201108597
2017,Legume Trial,Lamberton,Canada Milk Vetch,CMV,4,401,,421.968,3444.88,0,3444.88,1,0,64.59330144,401,42.7883651,NA,3.83,1.6835,11.1638,0.12347735,0.97302078,0.281317489
2017,Legume Trial,Lamberton,none,None,1,103,,420.776,2181.36,NA,2181.36,0,151.9138756,0,103,41.5332823,-29.469,3.33,4.4076,12.4899,NA,NA,NA
2017,Legume Trial,Lamberton,none,None,2,208,,306.344,2181.36,NA,2181.36,0,221.291866,110.0478469,208,41.0884449,-29.884,4,2.241,10.2656,NA,NA,NA
2017,Legume Trial,Lamberton,none,None,3,303,,94.168,631.76,NA,631.76,0,294.2583732,52.63157895,303,41.0158184,-29.983,3.71,2.3169,11.0413,NA,NA,NA
2017,Legume Trial,Lamberton,none,None,4,408,,160.92,631.76,NA,631.76,0,358.8516746,7.177033493,408,41.5332823,-29.799,3.55,2.3277,11.6865,NA,NA,NA
2017,Legume Trial,Lamberton,Red Clover,RdCl,1,106,,133.504,1180.08,3427.033493,4607.113493,1,37.08133971,0,106,42.0144328,-29.959,3.49,4.8613,12.0493,NA,NA,-0.505273529
2017,Legume Trial,Lamberton,Red Clover,RdCl,2,209,,11.92,107.28,3220.095694,3327.375694,1,39.47368421,0,209,41.7420835,-29.67,3.5,3.0859,11.936,NA,NA,-0.065820597
2017,Legume Trial,Lamberton,Red Clover,RdCl,3,307,,4.768,NA,1897.129187,NA,1,0,0,307,41.1156799,-30.021,3.4,3.1055,12.0795,0.30548421,0.9084488,-0.070664409
2017,Legume Trial,Lamberton,Red Clover,RdCl,4,407,,53.64,250.32,1555.023923,1805.343923,1,0,0,407,41.6331437,-30.1,3.7,1.7539,11.2389,0.26386765,0.94321468,0.263894147
2017,Legume Trial,Lamberton,White Clover,WhCl,1,109,,272.968,1680.72,281.1004785,1961.820478,1,145.9330144,0,109,40.9885835,-29.814,3.65,4.6129,11.215,0.15294728,0.90878393,-0.443798831
2017,Legume Trial,Lamberton,White Clover,WhCl,2,207,,458.92,2991.92,370.8133971,3362.733397,1,198.5645933,0,207,41.5695955,-30.006,3.82,1.6521,10.8768,0.12214888,0.97348485,0.289072059
2017,Legume Trial,Lamberton,White Clover,WhCl,3,304,,293.232,1585.36,40.66985646,1626.029856,1,19.13875598,354.0669856,304,40.9431919,-30.023,3.86,2.2049,10.6131,NA,NA,0.152249766
2017,Legume Trial,Lamberton,White Clover,WhCl,4,403,,218.136,894,287.0813397,1181.08134,1,95.6937799,186.6028708,403,41.1156799,-30.051,3.89,2.5633,10.5677,0.33330165,0.91468587,0.063539197
2017,Legume Trial,Rosemount,40 Lbs lb N/Ac,MedN,1,103,18,447,2598.56,NA,2598.56,0,95.6937799,0,103,42.9078337,-30.591,3.01,5.3314,14.2694,NA,NA,NA
2017,Legume Trial,Rosemount,40 Lbs lb N/Ac,MedN,2,203,9,698.512,5125.6,NA,5125.6,0,111.2440191,0,203,43.5311265,-30.709,3.56,5.4315,12.2208,NA,NA,NA
2017,Legume Trial,Rosemount,40 Lbs lb N/Ac,MedN,3,301,17,524.48,2789.28,NA,2789.28,0,172.2488038,0,301,42.9529999,-30.58,2.95,6.7328,14.5698,NA,NA,NA
2017,Legume Trial,Rosemount,40 Lbs lb N/Ac,MedN,4,408,12,811.752,5578.56,NA,5578.56,0,64.59330144,0,408,42.9168669,-30.736,3.13,6.5361,13.7109,NA,NA,NA
2017,Legume Trial,Rosemount,80 Lbs lb N/Ac,HiN,1,108,21,456.536,5077.92,NA,5077.92,0,29.90430622,0,108,41.9864444,-31.384,3.14,5.9282,13.3867,NA,NA,NA
2017,Legume Trial,Rosemount,80 Lbs lb N/Ac,HiN,2,209,38,681.824,5387.84,NA,5387.84,0,66.98564593,0,209,43.1788306,-30.548,3.34,7.6296,12.9134,NA,NA,NA
2017,Legume Trial,Rosemount,80 Lbs lb N/Ac,HiN,3,307,33,691.36,4052.8,NA,4052.8,0,17.94258373,0,307,43.2872293,-30.889,3.54,4.8047,12.2186,NA,NA,NA
2017,Legume Trial,Rosemount,80 Lbs lb N/Ac,HiN,4,407,43,830.824,4529.6,NA,4529.6,0,143.5406699,0,407,42.7181359,-30.938,3.18,4.9757,13.4359,NA,NA,NA
2017,Legume Trial,Rosemount,Alfalfa,Alf,1,104,27,675.864,4315.04,313.3971292,4628.437129,1,1.196172249,0,104,41.1883064,-31.733,2.64,6.4283,15.5885,7.07825351,0.13680143,0.153954258
2017,Legume Trial,Rosemount,Alfalfa,Alf,2,202,8,537.592,3504.48,790.6698565,4295.149856,1,0,11.96172249,202,41.1519931,-30.997,2.67,6.154,15.4166,6.49397843,0.17693861,0.184294421
2017,Legume Trial,Rosemount,Alfalfa,Alf,3,303,19,592.424,2932.32,553.8277512,3486.147751,1,250,0,303,40.8524088,-31.486,2.43,5.6978,16.8355,6.23783181,0.22894817,0.234753118
2017,Legume Trial,Rosemount,Alfalfa,Alf,4,406,2,387.4,2312.48,483.2535885,2795.733589,1,68.18181818,0,406,41.0158184,-31.876,2.45,8.7546,16.709,8.88455418,NA,-0.103379888
2017,Legume Trial,Rosemount,Alsike Clover,AlCl,1,109,,787.912,4219.68,320.5741627,4540.254163,1,19.13875598,0,109,41.364872,-30.727,2.43,5.6262,17.0339,6.33622789,0.23290491,0.242673906
2017,Legume Trial,Rosemount,Alsike Clover,AlCl,2,207,,647.256,4505.76,1081.339713,5587.099713,1,19.13875598,0,207,41.53,-30.06,2.54,7.14,16.324,7.63506199,0.05154854,0.07576748
2017,Legume Trial,Rosemount,Alsike Clover,AlCl,3,309,,562.624,2145.6,720.0956938,2865.695694,1,77.75119617,0,309,41.3,-30.26,2.49,5.79,16.5771,6.49249143,0.21303413,0.224281921
2017,Legume Trial,Rosemount,Alsike Clover,AlCl,4,402,,683.016,4028.96,190.1913876,4219.151388,1,418.6602871,0,402,41.43,-29.97,2.84,7.41,14.5784,7.61223502,0.01777983,0.045106745
2017,Legume Trial,Rosemount,Birdsfoot Trefoil,BTre,1,102,12,958.368,4267.36,51.4354067,4318.795407,1,1.196172249,0,102,41.8419449,-31.238,2.98,6.1533,14.0467,6.25997733,0.18241422,0.184364455
2017,Legume Trial,Rosemount,Birdsfoot Trefoil,BTre,2,204,14,775.992,6365.28,72.96650718,6438.246507,1,0,0,204,41.3789509,-31.593,2.77,7.3046,14.9134,7.41127945,0.03204815,0.057008026
2017,Legume Trial,Rosemount,Birdsfoot Trefoil,BTre,3,305,13,879.696,4887.2,187.7990431,5074.999043,1,51.4354067,0,305,42.3594087,-31.611,3.16,6.3133,13.394,6.41994081,0.16152216,0.166669379
2017,Legume Trial,Rosemount,Birdsfoot Trefoil,BTre,4,409,36,625.8,3599.84,38.27751196,3638.117512,1,31.10047847,0,409,41.7738575,-32.157,2.88,6.456,14.5236,6.56260404,0.14288959,0.150888048
2017,Legume Trial,Rosemount,Canada Milk Vetch,CMV,2,201,,447,3456.8,14.35406699,3471.154067,1,17.94258373,0,201,41.47,-30.29,2.66,6.01,15.5675,6.1636431,0.20039234,0.200736936
2017,Legume Trial,Rosemount,Canada Milk Vetch,CMV,3,306,,688.976,4052.8,29.90430622,4082.704306,1,1.196172249,0,306,42.4,-30.21,2.75,5.94,15.4107,6.10260054,0.20831137,0.207489432
2017,Legume Trial,Rosemount,none,None,1,106,24,619.84,4219.68,NA,4219.68,0,144.7368421,0,106,40.0081257,-31.507,2.58,9.593,15.5158,NA,NA,NA
2017,Legume Trial,Rosemount,none,None,2,206,6,447,3337.6,NA,3337.6,0,82.53588517,0,206,41.3154027,-31.43,2.51,6.1181,16.4633,NA,NA,NA
2017,Legume Trial,Rosemount,none,None,3,304,12,824.864,3647.52,NA,3647.52,0,234.4497608,64.59330144,304,40.4348064,-31.696,2.33,5.4569,17.3834,NA,NA,NA
2017,Legume Trial,Rosemount,none,None,4,405,3,467.264,2836.96,NA,2836.96,0,92.10526316,0,405,41.4061859,-32.03,2.57,10.133,16.0871,NA,NA,NA
2017,Legume Trial,Rosemount,Red Clover,RdCl,1,101,10,989.36,5197.12,772.7272727,5969.847273,1,21.53110048,0,101,41.8328666,-31.533,2.74,6.7038,15.2489,6.97378096,0.10821549,0.123475558
2017,Legume Trial,Rosemount,Red Clover,RdCl,2,205,17,699.704,3909.76,349.2822967,4259.042297,1,26.31578947,23.92344498,205,41.7965533,-31.123,2.85,8.1669,14.6469,8.37689608,NA,-0.03837346
2017,Legume Trial,Rosemount,Red Clover,RdCl,3,308,24,749.768,3456.8,593.3014354,4050.101435,1,110.0478469,0,308,41.2609329,-31.415,2.81,5.6802,14.6818,6.08022595,0.23519452,0.236700669
2017,Legume Trial,Rosemount,Red Clover,RdCl,4,404,8,386.208,2312.48,1614.832536,3927.312536,1,0,0,404,41.3698726,-31.792,2.86,8.6069,14.4761,8.63693174,NA,-0.087049971
2017,Legume Trial,Rosemount,White Clover,WhCl,1,105,,845.128,4958.72,28.70813397,4987.428134,1,0,0,105,40.8614871,-31.163,2.77,8.1711,14.7679,0.16112339,NA,-0.038841083
2017,Legume Trial,Rosemount,White Clover,WhCl,2,208,,660.368,3337.6,47.84688995,3385.44689,1,120.8133971,35.88516746,208,40.8705654,-31.43,2.55,10.098,16.035,0.04790706,NA,-0.251980869
2017,Legume Trial,Rosemount,White Clover,WhCl,3,302,,541.168,2670.08,41.86602871,2711.946029,1,63.39712919,47.84688995,302,41.2518545,-31.491,2.69,7.9691,15.3353,0.08913789,NA,-0.016497554
2017,Legume Trial,Rosemount,White Clover,WhCl,4,401,,643.68,3075.36,33.49282297,3108.852823,1,167.4641148,0,401,41.5695955,-31.935,2.67,6.9246,15.5619,0.05457275,0.9197494,0.099051687
2017,Legume Trial,Saint Paul,40 Lbs lb N/Ac,MedN,1,103,,238.4,5530.88,NA,5530.88,0,0,0,103,NA,NA,NA,NA,NA,NA,NA,NA
2017,Legume Trial,Saint Paul,40 Lbs lb N/Ac,MedN,2,204,,NA,NA,NA,NA,NA,NA,NA,204,NA,NA,NA,NA,NA,NA,NA,NA
2017,Legume Trial,Saint Paul,40 Lbs lb N/Ac,MedN,3,304,,575.736,5721.6,NA,5721.6,0,82.53588517,0,304,NA,NA,NA,NA,NA,NA,NA,NA
2017,Legume Trial,Saint Paul,40 Lbs lb N/Ac,MedN,4,401,,377.864,3242.24,NA,3242.24,0,764.354067,0,401,NA,NA,NA,NA,NA,NA,NA,NA
2017,Legume Trial,Saint Paul,80 Lbs lb N/Ac,HiN,1,105,,476.8,8725.44,NA,8725.44,0,19.13875598,0,105,NA,NA,NA,NA,NA,NA,NA,NA
2017,Legume Trial,Saint Paul,80 Lbs lb N/Ac,HiN,2,201,,381.44,3838.24,NA,3838.24,0,331.3397129,39.47368421,201,NA,NA,NA,NA,NA,NA,NA,NA
2017,Legume Trial,Saint Paul,80 Lbs lb N/Ac,HiN,3,306,,NA,NA,NA,NA,NA,NA,NA,306,NA,NA,NA,NA,NA,NA,NA,NA
2017,Legume Trial,Saint Paul,80 Lbs lb N/Ac,HiN,4,402,,98.936,3051.52,NA,3051.52,0,0,0,402,NA,NA,NA,NA,NA,NA,NA,NA
2017,Legume Trial,Saint Paul,Alfalfa,Alf,1,101,,NA,NA,NA,NA,NA,NA,NA,101,NA,NA,NA,NA,NA,NA,NA,NA
2017,Legume Trial,Saint Paul,Alfalfa,Alf,2,206,,113.24,1454.24,1417.464115,2871.704115,1,0,0,206,40.345,-40.23,2.52,7.21,16.0417,6.22,0.02061657,0.15446339
2017,Legume Trial,Saint Paul,Alfalfa,Alf,3,308,,107.28,1835.68,409.0909091,2244.770909,1,1.196172249,0,308,38.82,-38.88,2.27,6.37,17.1013,5.6,0.14776201,0.238716148
2017,Legume Trial,Saint Paul,Alfalfa,Alf,4,406,,472.032,1249.216,415.0717703,1664.28777,1,263.1578947,20.33492823,406,39.47,-39.2,2.64,7.53,14.9508,6.42,NA,0.122367101
2017,Legume Trial,Saint Paul,Alsike Clover,AlCl,1,102,,457.728,4624.96,204.5454545,4829.505455,1,160.2870813,0,102,40.39,-30.53,2.62,8.5,15.3894,8.37363956,NA,0.024710175
2017,Legume Trial,Saint Paul,Alsike Clover,AlCl,2,208,,308.728,3695.2,691.3875598,4386.58756,1,27.51196172,0,208,40.21,-30.6,2.45,9.08,16.4148,9.28546754,NA,-0.032644688
2017,Legume Trial,Saint Paul,Alsike Clover,AlCl,3,307,,NA,NA,NA,NA,NA,NA,NA,307,NA,NA,NA,NA,NA,NA,NA,NA
2017,Legume Trial,Saint Paul,Alsike Clover,AlCl,4,405,,338.528,3218.4,163.8755981,3382.275598,1,0,0,405,41.09,-30.48,2.4,8.85,17.1284,8.74394611,NA,-0.010425888
2017,Legume Trial,Saint Paul,Birdsfoot Trefoil,BTre,1,109,,400.512,2717.76,84.92822967,2802.68823,1,168.6602871,57.41626794,109,40.2,-30.04,2.38,9.02,16.8607,10.2198919,NA,-0.027306908
2017,Legume Trial,Saint Paul,Birdsfoot Trefoil,BTre,2,207,,390.976,2312.48,117.2248804,2429.70488,1,38.27751196,21.53110048,207,39.62,-29.69,2.32,9.58,17.1102,10.7751469,NA,-0.082999486
2017,Legume Trial,Saint Paul,Birdsfoot Trefoil,BTre,3,301,,276.544,2407.84,90.90909091,2498.749091,1,1.196172249,0,301,40.2,-30.35,2.06,7.79,19.5215,8.98486764,NA,0.096567138
2017,Legume Trial,Saint Paul,Birdsfoot Trefoil,BTre,4,409,,NA,NA,NA,NA,1,NA,NA,409,NA,NA,NA,NA,NA,NA,NA,NA
2017,Legume Trial,Saint Paul,Canada Milk Vetch,CMV,1,108,,280.12,2574.72,1.196172249,2575.916172,1,163.8755981,28.70813397,108,39.29,-30.26,2.08,10.34,18.9187,10.2755215,NA,-0.15902924
2017,Legume Trial,Saint Paul,Canada Milk Vetch,CMV,2,202,,385.016,4720.32,1.196172249,4721.516172,1,39.47368421,5.980861244,202,39.32,-29.81,1.95,8.83,20.1432,8.77461334,NA,-0.008486794
2017,Legume Trial,Saint Paul,Canada Milk Vetch,CMV,3,309,,652.024,6103.04,31.10047847,6134.140478,1,1.196172249,25.11961722,309,40.31,-30.19,1.96,9.4,20.5937,9.34307248,NA,-0.065503759
2017,Legume Trial,Saint Paul,Canada Milk Vetch,CMV,4,403,,301.576,3027.68,1.196172249,3028.876172,1,0,0,403,39.4,-30.72,1.7,8.08,23.1288,8.02294135,NA,0.066906585
2017,Legume Trial,Saint Paul,none,None,1,106,,395.744,7938.72,NA,7938.72,0,46.6507177,0,106,41.18,-31.2,2.58,8.71,15.9777,NA,NA,NA
2017,Legume Trial,Saint Paul,none,None,2,209,,557.856,5197.12,NA,5197.12,0,0,3.588516746,209,41.11,-31.19,2.29,7.57,17.912,NA,NA,NA
2017,Legume Trial,Saint Paul,none,None,3,303,,392.168,2741.6,NA,2741.6,0,7.177033493,1.196172249,303,40.53,-30.71,2.32,9.62,17.4693,NA,NA,NA
2017,Legume Trial,Saint Paul,none,None,4,408,,71.52,2598.56,NA,2598.56,0,143.5406699,0,408,40.620915,-30.927,2.17,9.1101,18.7134,NA,NA,NA
2017,Legume Trial,Saint Paul,Red Clover,RdCl,1,104,,371.904,5077.92,407.8947368,5485.814737,1,0,0,104,42.13,-37.32,3.54,1.45,11.9011,NA,NA,0.73219659
2017,Legume Trial,Saint Paul,Red Clover,RdCl,2,205,,262.24,3528.32,970.0956938,4498.415694,1,0,0,205,40.61,-43.65,2.74,5.56,14.8212,5.36,0.24939796,0.31995988
2017,Legume Trial,Saint Paul,Red Clover,RdCl,3,302,,104.896,691.36,270.3349282,961.6949282,1,0,0,302,40.14,-40.36,2.94,6.7,13.6531,5.4,0.10609857,0.205616851
2017,Legume Trial,Saint Paul,Red Clover,RdCl,4,404,,53.64,596,795.4545455,1391.454545,1,0,0,404,40.3,-38.99,2.62,5.73,15.3817,4.92,0.24666217,0.302908726
2017,Legume Trial,Saint Paul,White Clover,WhCl,1,107,,352.832,4124.32,1.196172249,4125.516172,1,1.196172249,0,107,40.04,-43.23,2.41,6.29,16.6141,6.708764,0.13543497,0.246740221
2017,Legume Trial,Saint Paul,White Clover,WhCl,2,203,,NA,NA,NA,NA,NA,NA,NA,203,NA,NA,NA,NA,NA,NA,NA,NA
2017,Legume Trial,Saint Paul,White Clover,WhCl,3,305,,309.92,4124.32,28.70813397,4153.028134,1,22.72727273,0,305,39.38,-38.16,1.92,7.02,20.5104,7.438764,0.04135915,0.173520562
2017,Legume Trial,Saint Paul,White Clover,WhCl,4,407,,472.032,2550.88,71.77033493,2622.650335,1,94.49760766,0,407,38.985,-37.39,2.22,8.49,17.6005,NA,NA,NA
2018,Legume Trial,Lamberton,40 Lbs lb N/Ac,MedN,1,108,,299.715,3784.2,NA,3784.2,0,0,0.96291866,108,42.7271691,-30.006,0.86,2.1633,49.7904,NA,NA,NA
2018,Legume Trial,Lamberton,40 Lbs lb N/Ac,MedN,2,206,,147.87,3657,NA,3657,0,52.63157895,20.33492823,206,43.6846913,-29.711,1.15,2.6171,37.9779,NA,NA,NA
2018,Legume Trial,Lamberton,40 Lbs lb N/Ac,MedN,3,301,,324.36,4824.855,NA,4824.855,0,260.7655502,13.15789474,301,43.7208242,-29.505,0.93,3.3514,47.1582,NA,NA,NA
2018,Legume Trial,Lamberton,40 Lbs lb N/Ac,MedN,4,406,,144.69,3180,NA,3180,0,0,0.849282297,406,43.5672594,-30.021,1.16,2.6491,37.5271,NA,NA,NA
2018,Legume Trial,Lamberton,80 Lbs lb N/Ac,HiN,1,102,,315.615,3752.4,NA,3752.4,0,2.392344498,1.793062201,102,43.3685283,-30.059,1.22,3.7361,35.6505,NA,NA,NA
2018,Legume Trial,Lamberton,80 Lbs lb N/Ac,HiN,2,203,,373.65,5135.7,NA,5135.7,0,86.12440191,0,203,43.7027578,-29.931,0.98,4.0515,44.3859,NA,NA,NA
2018,Legume Trial,Lamberton,80 Lbs lb N/Ac,HiN,3,306,,82.68,2480.4,NA,2480.4,0,687.7990431,11.96172249,306,42.9620331,-29.9,1.32,5.0192,32.5623,NA,NA,NA
2018,Legume Trial,Lamberton,80 Lbs lb N/Ac,HiN,4,405,,294.945,4229.4,NA,4229.4,0,5.980861244,1.954545455,405,43.7479239,-30.403,1.15,2.7263,38.1732,NA,NA,NA
2018,Legume Trial,Lamberton,Alfalfa,Alf,1,105,,187.62,2941.5,381.5789474,3323.078947,1,2.392344498,0.119617225,105,41.9732431,-30.377,0.86,2.4816,48.5345,1.67155615,0.68619634,-0.32198434
2018,Legume Trial,Lamberton,Alfalfa,Alf,2,204,,131.175,1144.8,816.9856459,1961.785646,1,462.9186603,0,204,42.0544467,-29.453,0.97,1.8269,43.1771,0.29687531,0.93555657,-0.088169752
2018,Legume Trial,Lamberton,Alfalfa,Alf,3,309,,143.895,2520.15,440.1913876,2960.341388,1,0,78.94736842,309,42.1807634,-30.177,1,1.3182,42.2436,1.04821758,0.82132933,0.093493722
2018,Legume Trial,Lamberton,Alfalfa,Alf,4,404,,284.61,3847.8,415.0717703,4262.87177,1,1.196172249,0,404,43.2872293,-30.385,0.91,1.8092,47.783,0.54916733,0.8873909,-0.081845473
2018,Legume Trial,Lamberton,Alsike Clover,AlCl,1,107,,341.055,4038.6,240.430622,4279.030622,1,20.33492823,544.2583732,107,43.0342989,-30.037,0.83,2.6238,52.0567,2.93375309,0.54492583,-0.37276896
2018,Legume Trial,Lamberton,Alsike Clover,AlCl,2,202,,234.525,2400.9,45.45454545,2446.354545,1,2509.569378,15.55023923,202,43.1426976,-29.729,1.03,4.8154,41.9892,3.14539378,0.29582177,-1.155497778
2018,Legume Trial,Lamberton,Alsike Clover,AlCl,3,305,,166.95,1844.4,69.37799043,1913.77799,1,39.47368421,0,305,43.3233622,-29.749,0.96,2.9195,45.3367,2.43953614,0.56873953,-0.478405763
2018,Legume Trial,Lamberton,Alsike Clover,AlCl,4,409,,243.27,2703,27.51196172,2730.511962,1,527.5119617,9.56937799,409,42.7904017,-29.912,0.93,1.9405,45.8146,2.15045932,0.661172,-0.12873547
2018,Legume Trial,Lamberton,Birdsfoot Trefoil,BTre,1,104,,140.715,2528.1,1812.200957,4340.300957,1,50.23923445,28.70813397,104,41.3416595,-30.736,0.82,1.7111,50.5257,1.78105124,0.71304645,-0.046804016
2018,Legume Trial,Lamberton,Birdsfoot Trefoil,BTre,2,205,,194.775,3243.6,2403.110048,5646.710048,1,47.84688995,1.155502392,205,43.3775616,-29.726,0.95,2.7023,45.5641,2.99230456,0.53439906,-0.400823058
2018,Legume Trial,Lamberton,Birdsfoot Trefoil,BTre,3,302,,190.8,4388.4,2501.196172,6889.596172,1,0,2.754784689,302,41.8288811,-30.189,0.84,1.476,49.6646,1.5460007,0.75091655,0.037142606
2018,Legume Trial,Lamberton,Birdsfoot Trefoil,BTre,4,402,,159,3720.6,2025.119617,5745.719617,1,2.392344498,9.56937799,402,41.92813,-29.822,NA,1.376,NA,1.66598578,0.74077353,0.072862223
2018,Legume Trial,Lamberton,Canada Milk Vetch,CMV,1,101,,290.97,3402.6,34.68899522,3437.288995,1,163.8755981,2.156698565,101,43.115598,-30.024,0.82,2.0162,52.4409,0.59615211,0.87360977,-0.155768611
2018,Legume Trial,Lamberton,Canada Milk Vetch,CMV,2,201,,154.23,5143.65,11.33971292,5154.989713,1,35.88516746,1.217703349,201,43.2917459,-30.162,1.06,3.25,41.0084,2.57999716,0.52805719,-0.596427556
2018,Legume Trial,Lamberton,Canada Milk Vetch,CMV,3,308,,250.425,3545.7,607.6555024,4153.355502,1,7.177033493,0.51076555,308,43.2420632,-30.118,0.84,1.0513,51.6916,NA,NA,0.188811572
2018,Legume Trial,Lamberton,Canada Milk Vetch,CMV,4,401,,241.68,3927.3,0,3927.3,1,0,25.11961722,401,43.2781961,-30.059,0.91,2.1227,47.5377,1.08273458,0.78756406,-0.193833778
2018,Legume Trial,Lamberton,none,None,1,103,,224.19,4873.35,NA,4873.35,0,4.784688995,0,103,42.1130937,-30.682,0.96,3.3632,44.0951,NA,NA,NA
2018,Legume Trial,Lamberton,none,None,2,208,,178.08,3052.8,NA,3052.8,0,191.3875598,0,208,41.1251165,-30.695,0.75,1.8278,55.1801,NA,NA,NA
2018,Legume Trial,Lamberton,none,None,3,303,,199.545,3323.1,NA,3323.1,0,9.56937799,4.35645933,303,42.4694874,-30.202,0.76,0.6197,55.9729,NA,NA,NA
2018,Legume Trial,Lamberton,none,None,4,408,,275.07,3657,NA,3657,0,206.937799,39.47368421,408,41.9642205,-29.638,0.63,0.5342,66.723,NA,NA,NA
2018,Legume Trial,Lamberton,Red Clover,RdCl,1,106,,216.24,3466.2,240.430622,3706.630622,1,3.588516746,4.784688995,106,41.9912883,-30.162,0.91,2.8531,46.1659,2.91307875,0.52990278,-0.454670982
2018,Legume Trial,Lamberton,Red Clover,RdCl,2,209,,99.375,1446.9,1946.172249,3393.072249,1,0,0,209,41.6123382,-29.595,1.09,4.2398,38.1304,4.1197815,0.31528217,-0.949921963
2018,Legume Trial,Lamberton,Red Clover,RdCl,3,307,,186.825,1733.1,1019.138756,2752.238756,1,55.02392344,0,307,42.1807634,-30.028,1.1,3.2591,38.4586,2.5491386,0.53026492,-0.599692356
2018,Legume Trial,Lamberton,Red Clover,RdCl,4,407,,53.265,890.4,1625.598086,2515.998086,1,0,20.33492823,407,42.0364014,-29.975,1.06,1.8375,39.5135,0.51745335,0.89257228,-0.091947626
2018,Legume Trial,Lamberton,White Clover,WhCl,1,109,,323.565,3513.9,2.870813397,3516.770813,1,0,0,109,41.2243654,-30.166,0.78,1.6858,53.1567,1.90576193,0.70019908,-0.037772118
2018,Legume Trial,Lamberton,White Clover,WhCl,2,207,,232.14,4054.5,17.94258373,4072.442584,1,13.15789474,0,207,41.567225,-30.449,0.8,1.8375,51.756,1.25750184,0.77369865,-0.091964943
2018,Legume Trial,Lamberton,White Clover,WhCl,3,304,,422.145,4626.9,4.474880383,4631.37488,1,56.22009569,50.23923445,304,41.4860214,-30.248,0.79,1.2419,52.4044,1.60192562,0.75342692,0.120740851
2018,Legume Trial,Lamberton,White Clover,WhCl,4,403,,354.57,4817.7,2.645933014,4820.345933,1,50.23923445,14.35406699,403,41.6123382,-29.869,0.89,2.084,46.8844,0.06402136,0.9844486,-0.180007627
2018,Legume Trial,Rosemount,40 Lbs lb N/Ac,MedN,1,103,,117.66,4444.05,NA,4444.05,0,9.56937799,0,103,42.6278036,-30.688,0.82,1.6724,51.8371,NA,NA,NA
2018,Legume Trial,Rosemount,40 Lbs lb N/Ac,MedN,2,203,,217.035,5485.5,NA,5485.5,0,50.23923445,0,203,42.6955528,-30.467,0.78,2.1482,54.6931,NA,NA,NA
2018,Legume Trial,Rosemount,40 Lbs lb N/Ac,MedN,3,301,,106.53,2814.3,NA,2814.3,0,498.8038278,0,301,42.3748733,-30.128,0.7,2.3525,60.7593,NA,NA,NA
2018,Legume Trial,Rosemount,40 Lbs lb N/Ac,MedN,4,408,,211.47,5970.45,NA,5970.45,0,259.569378,0,408,42.5826375,-30.471,0.76,2.7291,55.9078,NA,NA,NA
2018,Legume Trial,Rosemount,80 Lbs lb N/Ac,HiN,1,108,,95.4,4762.05,NA,4762.05,0,0,0,108,42.4290726,-30.196,0.92,2.3061,46.1526,NA,NA,NA
2018,Legume Trial,Rosemount,80 Lbs lb N/Ac,HiN,2,209,,89.04,3672.9,NA,3672.9,0,284.6889952,0,209,42.4968218,-30.153,0.85,4.0357,49.8858,NA,NA,NA
2018,Legume Trial,Rosemount,80 Lbs lb N/Ac,HiN,3,307,,119.25,4746.15,NA,4746.15,0,576.5550239,0,307,42.1851755,-30.221,0.83,2.2106,51.1029,NA,NA,NA
2018,Legume Trial,Rosemount,80 Lbs lb N/Ac,HiN,4,407,,275.07,5946.6,NA,5946.6,0,0,0,407,43.1697973,-30.384,0.85,2.4795,51.0286,NA,NA,NA
2018,Legume Trial,Rosemount,Alfalfa,Alf,1,104,,139.92,3315.15,704.5454545,4019.695455,1,1.196172249,0,104,40.8634604,-30.786,0.81,2.6654,50.3454,3.25543073,0.60007137,0.321914358
2018,Legume Trial,Rosemount,Alfalfa,Alf,2,202,,56.445,2893.8,1057.416268,3951.216268,1,149.5215311,0,202,40.8318812,-30.822,0.76,3.1081,53.8618,3.6381271,0.54973837,0.244654956
2018,Legume Trial,Rosemount,Alfalfa,Alf,3,303,,121.635,3172.05,978.4688995,4150.5189,1,33.49282297,0,303,41.6754965,-30.84,0.81,2.345,51.2713,3.16495859,0.62187007,0.377843178
2018,Legume Trial,Rosemount,Alfalfa,Alf,4,406,,166.155,3370.8,1805.023923,5175.823923,1,0,0,406,41.3597047,-30.88,0.7,5.2437,59.4027,4.72374106,0.32806239,-0.128052542
2018,Legume Trial,Rosemount,Alsike Clover,AlCl,1,109,,108.12,2385,679.4258373,3064.425837,1,193.7799043,0,109,41.61,-30.12,0.77,2.39,54.1093,3.01121767,0.63143122,0.36977004
2018,Legume Trial,Rosemount,Alsike Clover,AlCl,2,207,,232.935,6153.3,429.4258373,6582.725837,1,13.15789474,0,207,42.21,-30.26,0.73,3.12,57.6326,3.59510632,0.55229225,0.243436943
2018,Legume Trial,Rosemount,Alsike Clover,AlCl,3,309,,110.505,3831.9,301.4354067,4133.335407,1,1.196172249,0,309,41.2,-30.16,0.74,2.68,55.4784,3.33962875,0.59322572,0.319436518
2018,Legume Trial,Rosemount,Alsike Clover,AlCl,4,402,,57.24,2170.35,434.2105263,2604.560526,1,10.76555024,0,402,41.77,-30.01,0.79,3.47,52.7676,3.87561818,0.51311508,0.182265588
2018,Legume Trial,Rosemount,Birdsfoot Trefoil,BTre,1,102,,39.75,2949.45,1363.636364,4313.086364,1,17.94258373,0,102,41.233388,-30.485,0.64,3.3679,64.288,4.65787014,0.47309336,0.199324583
2018,Legume Trial,Rosemount,Birdsfoot Trefoil,BTre,2,204,,170.925,3601.35,2305.023923,5906.373923,1,3.588516746,0,204,41.2965463,-30.901,0.66,4.5615,63.0334,6.23151364,0.32413298,-0.008990165
2018,Legume Trial,Rosemount,Birdsfoot Trefoil,BTre,3,305,,109.71,3092.55,1309.808612,4402.358612,1,0,0,305,41.0348903,-30.83,0.75,3.2384,54.982,4.59838502,0.4839091,0.221922336
2018,Legume Trial,Rosemount,Birdsfoot Trefoil,BTre,4,409,,141.51,3641.1,289.4736842,3930.573684,1,144.7368421,0,409,42.5326457,-31.622,2.5,-1.536,17.0129,NA,NA,1.055106716
2018,Legume Trial,Rosemount,Canada Milk Vetch,CMV,2,201,,127.2,3164.1,1003.588517,4167.688517,1,94.49760766,0,201,41.76,-30.09,0.71,2.78,59.0754,3.05828401,0.60941602,0.302219196
2018,Legume Trial,Rosemount,Canada Milk Vetch,CMV,3,306,,85.86,3219.75,358.8516746,3578.601675,1,208.1339713,0,306,41.264325,-29.798,0.69,3.0533,59.8843,3.0932956,0.59245274,0.254224154
2018,Legume Trial,Rosemount,none,None,1,106,,81.885,3505.95,NA,3505.95,0,1.196172249,0,106,39.8348814,-30.727,0.7,5.8931,57.2665,NA,NA,NA
2018,Legume Trial,Rosemount,none,None,2,206,,172.515,5000.55,NA,5000.55,0,5.980861244,0,206,40.9356414,-30.836,0.68,2.8068,60.2086,NA,NA,NA
2018,Legume Trial,Rosemount,none,None,3,304,,135.15,3696.75,NA,3696.75,0,120.8133971,0,304,41.5221119,-30.97,0.62,3.0947,66.502,NA,NA,NA
2018,Legume Trial,Rosemount,none,None,4,405,,111.3,3339,NA,3339,0,0,0,405,40.683008,-31.162,0.68,6.2823,59.8988,NA,NA,NA
2018,Legume Trial,Rosemount,Red Clover,RdCl,1,101,,43.725,3362.85,911.4832536,4274.333254,1,0,0,101,41.5762477,-30.206,0.83,3.0633,50.0047,3.84327219,0.53862441,0.252483038
2018,Legume Trial,Rosemount,Red Clover,RdCl,2,205,,65.985,3187.95,2277.511962,5465.461962,1,188.9952153,0,205,41.3145916,-30.974,0.75,4.9415,55.1398,5.19154063,0.33442036,-0.0753125
2018,Legume Trial,Rosemount,Red Clover,RdCl,3,308,,86.655,3609.3,1721.291866,5330.591866,1,13.15789474,0,308,40.9175962,-30.945,0.74,3.0683,55.5573,3.47833825,0.56302444,0.251598909
2018,Legume Trial,Rosemount,Red Clover,RdCl,4,404,,46.11,1788.75,916.2679426,2705.017943,1,175.8373206,0,404,41.2965463,-30.741,0.8,3.5198,51.479,4.03981965,0.49940458,0.172806343
2018,Legume Trial,Rosemount,White Clover,WhCl,1,105,,137.535,3339,433.0143541,3772.014354,1,468.8995215,0,105,40.5927817,-30.826,0.63,3.9391,64.5026,4.39907825,0.45080372,0.099637305
2018,Legume Trial,Rosemount,White Clover,WhCl,2,208,,144.69,3657,116.0287081,3773.028708,1,62.20095694,0,208,41.0078224,-30.794,0.73,7.2036,56.5172,7.3035696,0.04528867,-0.470081955
2018,Legume Trial,Rosemount,White Clover,WhCl,3,302,,116.865,3307.2,122.0095694,3429.209569,1,8.373205742,0,302,40.6739853,-31.078,0.78,4.0598,52.0676,4.68980157,0.42667667,0.078568661
2018,Legume Trial,Rosemount,White Clover,WhCl,4,401,,72.345,3529.8,31.10047847,3560.900478,1,100.4784689,0,401,41.3145916,-30.923,0.7,3.4821,59.1296,4.12208435,0.49669479,0.179391911
2018,Legume Trial,Saint Paul,40 Lbs lb N/Ac,MedN,1,103,,123.225,5612.7,NA,5612.7,0,0,0,103,42.5826375,-30.299,0.96,5.9012,44.1612,NA,NA,NA
2018,Legume Trial,Saint Paul,40 Lbs lb N/Ac,MedN,2,204,,NA,NA,NA,NA,NA,NA,NA,204,NA,NA,NA,NA,NA,NA,NA,NA
2018,Legume Trial,Saint Paul,40 Lbs lb N/Ac,MedN,3,304,,112.89,6773.4,NA,6773.4,0,7.177033493,0,304,41.8419128,-30.447,1.18,6.7826,35.467,NA,NA,NA
2018,Legume Trial,Saint Paul,40 Lbs lb N/Ac,MedN,4,401,,395.115,10112.4,NA,10112.4,0,8.373205742,0,401,42.0948432,-30.324,0.95,5.8754,44.4466,NA,NA,NA
2018,Legume Trial,Saint Paul,80 Lbs lb N/Ac,HiN,1,105,,147.075,7552.5,NA,7552.5,0,5.980861244,0,105,41.9503115,-30.258,1.04,7.2226,40.514,NA,NA,NA
2018,Legume Trial,Saint Paul,80 Lbs lb N/Ac,HiN,2,201,,64.395,6487.2,NA,6487.2,0,0,0,201,42.3206739,-29.517,1.06,6.1673,39.7839,NA,NA,NA
2018,Legume Trial,Saint Paul,80 Lbs lb N/Ac,HiN,3,306,,NA,NA,NA,NA,NA,NA,NA,306,NA,NA,NA,NA,NA,NA,NA,NA
2018,Legume Trial,Saint Paul,80 Lbs lb N/Ac,HiN,4,402,,231.345,7393.5,NA,7393.5,0,0,0,402,42.3297071,-30.138,1.11,6.5168,38.1078,NA,NA,NA
2018,Legume Trial,Saint Paul,Alfalfa,Alf,1,101,,NA,NA,NA,NA,NA,NA,NA,101,NA,NA,NA,NA,NA,NA,NA,NA
2018,Legume Trial,Saint Paul,Alfalfa,Alf,2,206,,105.735,4372.5,2398.325359,6770.825359,1,0,0,206,40.6254509,-31.168,1.11,5.3812,36.5037,2.73123063,0.41776407,0.032077621
2018,Legume Trial,Saint Paul,Alfalfa,Alf,3,308,,121.635,5342.4,1062.200957,6404.600957,1,222.4880383,0,308,40.7071558,-30.942,1.15,4.932,35.4291,5.08198904,0.32158144,0.097948822
2018,Legume Trial,Saint Paul,Alfalfa,Alf,4,406,,190.005,4324.8,224.8803828,4549.680383,1,0,0,406,40.511972,-31.479,1.14,6.2586,35.6667,5.69855375,0.15962118,-0.096562134
2018,Legume Trial,Saint Paul,Alsike Clover,AlCl,1,102,,131.175,4881.3,0,4881.3,1,203.3492823,0,102,41.63,-29.79,0.87,5.23,47.674,5.16865047,0.29011167,0.054450077
2018,Legume Trial,Saint Paul,Alsike Clover,AlCl,2,208,,126.405,5914.8,102.8708134,6017.670813,1,0,0,208,40.78,-30.27,1.03,6.67,39.6483,6.61148539,0.09194549,-0.157109295
2018,Legume Trial,Saint Paul,Alsike Clover,AlCl,3,307,,NA,NA,NA,NA,NA,NA,NA,307,NA,NA,NA,NA,NA,NA,NA,NA
2018,Legume Trial,Saint Paul,Alsike Clover,AlCl,4,405,,174.105,5501.4,0,5501.4,1,232.0574163,0,405,41.13,-30.3,0.94,6.65,43.6894,6.58626711,0.0954091,-0.1534116
2018,Legume Trial,Saint Paul,Birdsfoot Trefoil,BTre,1,109,,147.075,5787.6,0,5787.6,1,600.4784689,0,109,40.45,-29.82,1.44,6.93,28.1692,NA,NA,NA
2018,Legume Trial,Saint Paul,Birdsfoot Trefoil,BTre,2,207,,270.3,7043.7,23.92344498,7067.623445,1,546.6507177,0,207,40.74,-29.65,1.07,6.68,38.1119,7.87948935,0.07744412,-0.158282896
2018,Legume Trial,Saint Paul,Birdsfoot Trefoil,BTre,3,301,,100.17,4245.3,9.56937799,4254.869378,1,1934.210526,0,301,41.06,-30.09,1.05,4.74,39.1099,5.93576546,0.30502155,0.126720608
2018,Legume Trial,Saint Paul,Birdsfoot Trefoil,BTre,4,409,,NA,NA,NA,NA,NA,NA,NA,409,41.68,-30.13,0.72,3.99,58.0829,NA,NA,NA
2018,Legume Trial,Saint Paul,Canada Milk Vetch,CMV,1,108,,147.87,5724,589.7129187,6313.712919,1,68.18181818,0,108,41.02,-29.92,0.88,6.58,46.6666,6.70605148,0.10238117,-0.143116053
2018,Legume Trial,Saint Paul,Canada Milk Vetch,CMV,2,202,,49.29,3943.2,7.177033493,3950.377033,1,180.6220096,0,202,41.42,-29.95,0.91,5.27,45.6455,4.21296459,0.32924558,0.047952406
2018,Legume Trial,Saint Paul,Canada Milk Vetch,CMV,3,309,,236.115,9619.5,1.196172249,9620.696172,1,0,0,309,41.23,-30.06,0.91,6.58,45.254,7.32335095,0.0937495,-0.144186356
2018,Legume Trial,Saint Paul,Canada Milk Vetch,CMV,4,403,,236.115,6010.2,0,6010.2,1,401.9138756,0,403,41.14,-30.47,0.83,5.14,49.6976,5.07684154,0.30272116,0.067911798
2018,Legume Trial,Saint Paul,none,None,1,106,,89.835,5724,NA,5724,0,3.588516746,0,106,41.3154027,-31.84,1.08,6.3748,38.2317,NA,NA,NA
2018,Legume Trial,Saint Paul,none,None,2,209,,289.38,6534.9,NA,6534.9,0,51.4354067,0,209,41.2336979,-31.896,0.61,4.4252,67.2035,NA,NA,NA
2018,Legume Trial,Saint Paul,none,None,3,303,,138.33,5970.45,NA,5970.45,0,84.92822967,0,303,40.452963,-31.581,0.82,5.8425,49.038,NA,NA,NA
2018,Legume Trial,Saint Paul,none,None,4,408,,125.61,4324.8,NA,4324.8,0,59.80861244,0,408,40.8524088,-31.076,0.93,5.7773,43.9288,NA,NA,NA
2018,Legume Trial,Saint Paul,Red Clover,RdCl,1,104,,135.15,5596.8,316.9856459,5913.785646,1,0,0,104,40.9431919,-31.585,1.4,7.3664,29.3197,5.94644797,NA,-0.259009966
2018,Legume Trial,Saint Paul,Red Clover,RdCl,2,205,,50.085,4261.2,124.4019139,4385.601914,1,57.41626794,0,205,40.8614871,-31.2,1.17,5.0428,34.9325,4.91279078,0.31870262,0.081702231
2018,Legume Trial,Saint Paul,Red Clover,RdCl,3,302,,103.35,4595.1,188.9952153,4784.095215,1,0,0,302,41.1610714,-31.358,1.15,5.6931,35.7033,5.36311938,0.23503502,-0.013653868
2018,Legume Trial,Saint Paul,Red Clover,RdCl,4,404,,139.125,4499.7,633.9712919,5133.671292,1,238.0382775,0,404,40.6254509,-31.222,1.11,5.2857,36.743,5.11568464,0.28660837,0.046087297
2018,Legume Trial,Saint Paul,White Clover,WhCl,1,107,,138.33,5533.2,400.7177033,5933.917703,1,43.06220096,0,107,NA,NA,NA,NA,NA,NA,NA,NA
2018,Legume Trial,Saint Paul,White Clover,WhCl,2,203,,NA,NA,NA,NA,NA,NA,NA,203,NA,NA,NA,NA,NA,NA,NA,NA
2018,Legume Trial,Saint Paul,White Clover,WhCl,3,305,,135.945,8458.8,294.2583732,8753.058373,1,0,0,305,40.2260052,-31.318,0.71,5.4037,56.6129,6.1536889,0.2394341,0.028784619
2018,Legume Trial,Saint Paul,White Clover,WhCl,4,407,,228.96,5930.7,296.6507177,6227.350718,1,0,0,407,41.7,-30.13,0.86,5.89,48.5512,6.14743169,0.19122686,-0.04214541
2019,Legume Trial,Lamberton,40 Lbs lb N/Ac,MedN,1,108,,395.744,7938.72,NA,7938.72,0,4.784688995,119.6172249,108,42.1038764,-29.597,0.8,0.9656,52.8009,NA,NA,NA
2019,Legume Trial,Lamberton,40 Lbs lb N/Ac,MedN,2,206,,438.656,8119.904,NA,8119.904,0,14.35406699,227.2727273,206,43.1607641,-30.039,0.81,0.7848,53.3014,NA,NA,NA
2019,Legume Trial,Lamberton,40 Lbs lb N/Ac,MedN,3,301,,505.408,8563.328,NA,8563.328,0,9.56937799,14.35406699,301,43.1697973,-30.454,0.77,1.6813,55.7819,NA,NA,NA
2019,Legume Trial,Lamberton,40 Lbs lb N/Ac,MedN,4,406,,181.184,5104.144,NA,5104.144,0,4.784688995,0,406,43.196897,-29.736,0.75,0.5866,57.6207,NA,NA,NA
2019,Legume Trial,Lamberton,80 Lbs lb N/Ac,HiN,1,102,,305.152,7631.184,NA,7631.184,0,90.90909091,31.10047847,102,42.4561723,-30.019,0.93,0.7837,45.713,NA,NA,NA
2019,Legume Trial,Lamberton,80 Lbs lb N/Ac,HiN,2,203,,562.624,6758.64,NA,6758.64,0,81.33971292,11.96172249,203,43.0884983,-30.174,0.79,0.3925,54.7827,NA,NA,NA
2019,Legume Trial,Lamberton,80 Lbs lb N/Ac,HiN,3,306,,164.496,6405.808,NA,6405.808,0,35.88516746,7.177033493,306,42.4381058,-30.078,0.9,0.1353,46.9212,NA,NA,NA
2019,Legume Trial,Lamberton,80 Lbs lb N/Ac,HiN,4,405,,314.688,3938.368,NA,3938.368,0,0,0,405,43.51306,-30.411,0.84,0.1061,52.0718,NA,NA,NA
2019,Legume Trial,Lamberton,Alfalfa,Alf,1,105,,114.432,2836.96,435.4066986,3272.366699,1,1.196172249,9.56937799,105,41.02,-29.9,0.88,2.49,46.8276,1.52207803,0.70540946,-0.30706973
2019,Legume Trial,Lamberton,Alfalfa,Alf,2,204,,493.488,3711.888,1734.449761,5446.337761,1,52.63157895,9.56937799,204,41.11,-29.53,0.82,1.26,50.2678,0.29443075,0.94301441,0.125200442
2019,Legume Trial,Lamberton,Alfalfa,Alf,3,309,,247.936,3216.016,559.8086124,3775.824612,1,26.31578947,62.20095694,309,42.18,-29.839,0.71,0.98,59.7513,0.01266401,0.99754894,0.22441408
2019,Legume Trial,Lamberton,Alfalfa,Alf,4,404,,262.24,4462.848,406.6985646,4869.546565,1,7.177033493,124.4019139,404,41.89,-29.738,0.71,1.51,58.7136,0.53911584,0.89565684,0.03904372
2019,Legume Trial,Lamberton,Alsike Clover,AlCl,1,107,,462.496,5499.888,174.6411483,5674.529148,1,71.77033493,144.7368421,107,41.19,-29.77,0.6,1.4,69.1694,0.99386447,0.82645251,0.076104061
2019,Legume Trial,Lamberton,Alsike Clover,AlCl,2,202,,569.776,5101.76,9.56937799,5111.329378,1,11.96172249,193.7799043,202,41.11,-30.23,0.71,1.27,57.9748,0.85630721,0.85047261,0.124539714
2019,Legume Trial,Lamberton,Alsike Clover,AlCl,3,305,,550.704,6596.528,38.27751196,6634.805512,1,11.96172249,349.2822967,305,42.31,-30.103,0.68,1.38,62.5086,0.96622387,0.83127908,0.085836667
2019,Legume Trial,Lamberton,Alsike Clover,AlCl,4,409,,543.552,6288.992,205.7416268,6494.733627,1,55.02392344,361.2440191,409,41.99,-30.121,0.68,0.7,61.6643,0.28598744,0.9500612,0.325356536
2019,Legume Trial,Lamberton,Birdsfoot Trefoil,BTre,1,104,,54.832,1349.344,1795.454545,3144.798545,1,0,0,104,41.64,-30.03,0.72,1.36,58.006,1.54235522,0.75583688,0.090771752
2019,Legume Trial,Lamberton,Birdsfoot Trefoil,BTre,2,205,,219.328,4052.8,1973.684211,6026.484211,1,2.392344498,0,205,41.81,-29.67,0.86,1.35,48.8359,1.53123695,0.75759697,0.094686638
2019,Legume Trial,Lamberton,Birdsfoot Trefoil,BTre,3,302,,135.888,6648.976,3217.703349,9866.679349,1,0,4.784688995,302,42.293109,-30.085,0.73,0.9938,57.6264,1.17396241,0.81415544,0.220487532
2019,Legume Trial,Lamberton,Birdsfoot Trefoil,BTre,4,402,,45.296,5743.056,2360.047847,8103.103847,1,0,2.392344498,402,42.52,-30.185,0.69,1.24,61.5949,1.42335202,0.77467573,0.132674288
2019,Legume Trial,Lamberton,Canada Milk Vetch,CMV,1,101,,83.44,2589.024,502.3923445,3091.416344,1,263.1578947,473.6842105,101,40.75,-29.95,0.98,1.85,41.6272,0.80635989,0.84178965,-0.079704188
2019,Legume Trial,Lamberton,Canada Milk Vetch,CMV,2,201,,317.072,7616.88,11.96172249,7628.841722,1,64.59330144,172.2488038,201,41.53,-29.64,0.63,1.99,65.66,0.95427597,0.81276805,-0.131787314
2019,Legume Trial,Lamberton,Canada Milk Vetch,CMV,3,308,,467.264,5139.904,684.2105263,5824.114526,1,43.06220096,1449.760766,308,41.88,-29.949,0.63,1.24,66.9736,0.19622993,0.96149907,0.135130307
2019,Legume Trial,Lamberton,Canada Milk Vetch,CMV,4,401,,200.256,5333.008,210.5263158,5543.534316,1,0,0,401,41.86,-29.452,0.61,1.5,68.8446,0.4585914,0.91002292,0.042749507
2019,Legume Trial,Lamberton,none,None,1,103,,522.096,7559.664,NA,7559.664,0,0,0,103,41.57,-30.18,0.62,2.18,66.7708,NA,NA,NA
2019,Legume Trial,Lamberton,none,None,2,208,,522.096,4286.432,NA,4286.432,0,2.392344498,834.9282297,208,41.84,-29.69,0.57,1.37,73.8648,NA,NA,NA
2019,Legume Trial,Lamberton,none,None,3,303,,188.336,4398.48,NA,4398.48,0,145.9330144,1413.875598,303,41.37,-29.172,0.74,1.51,55.7117,NA,NA,NA
2019,Legume Trial,Lamberton,none,None,4,408,,216.944,2246.92,NA,2246.92,0,11.96172249,803.8277512,408,41.45,-29.861,0.76,1.44,54.8822,NA,NA,NA
2019,Legume Trial,Lamberton,Red Clover,RdCl,1,106,,729.504,6274.688,1677.033493,7951.721493,1,421.0526316,117.2248804,106,41.61,-30.58,0.64,0.98,64.8208,0.46228744,0.91769497,0.224546677
2019,Legume Trial,Lamberton,Red Clover,RdCl,2,209,,565.008,5063.616,459.3301435,5522.946144,1,38.27751196,0,209,42.3479269,-30.3,0.69,1.01,61.4447,0.48996851,0.91276667,0.214799821
2019,Legume Trial,Lamberton,Red Clover,RdCl,3,307,,817.712,6522.624,923.4449761,7446.068976,1,7.177033493,0,307,42.22,-29.753,0.56,1.13,75.0522,0.60632666,0.89205042,0.173828642
2019,Legume Trial,Lamberton,Red Clover,RdCl,4,407,,426.736,5900.4,1468.899522,7369.299522,1,7.177033493,11.96172249,407,42.04,-30.068,0.64,0.88,65.2055,0.35996068,0.93591309,0.260577224
2019,Legume Trial,Lamberton,White Clover,WhCl,1,109,,362.368,4346.032,16.74641148,4362.778411,1,4.784688995,86.12440191,109,41.151045,-29.978,0.74,1.3758,55.9728,0.87578185,0.84463022,0.085992306
2019,Legume Trial,Lamberton,White Clover,WhCl,2,207,,278.928,4791.84,0,4791.84,1,0,0,207,42.1,-30.08,0.71,1.09,59.675,0.58738176,0.8957944,0.187541636
2019,Legume Trial,Lamberton,White Clover,WhCl,3,304,,512.56,7314.112,26.31578947,7340.427789,1,2.392344498,889.9521531,304,42.51,-30.158,0.72,1.31,58.8641,0.80753236,0.85673815,0.110023815
2019,Legume Trial,Lamberton,White Clover,WhCl,4,403,,205.024,3626.064,4.784688995,3630.848689,1,0,746.4114833,403,41.99,-30.354,0.73,1.51,57.8743,1.0122355,0.8204224,0.037945246
2019,Legume Trial,Rosemount,40 Lbs lb N/Ac,MedN,1,103,,104.896,2662.928,NA,2662.928,0,35.88516746,0,103,42.0135441,-29.64,0.83,2.1443,50.4148,NA,NA,NA
2019,Legume Trial,Rosemount,40 Lbs lb N/Ac,MedN,2,203,,95.36,4419.936,NA,4419.936,0,96.88995215,0,203,40.703726,-29.081,1.01,2.6265,40.2804,NA,NA,NA
2019,Legume Trial,Rosemount,40 Lbs lb N/Ac,MedN,3,301,,92.976,3618.912,NA,3618.912,0,174.6411483,0,301,41.5076833,-29.39,0.76,4.9481,54.864,NA,NA,NA
2019,Legume Trial,Rosemount,40 Lbs lb N/Ac,MedN,4,408,,116.816,4477.152,NA,4477.152,0,104.0669856,0,408,41.8238463,-29.217,0.78,2.5286,53.8301,NA,NA,NA
2019,Legume Trial,Rosemount,80 Lbs lb N/Ac,HiN,1,108,,174.032,4183.92,NA,4183.92,0,466.507177,0,108,42.3929397,-29.306,1.09,4.2216,38.8026,NA,NA,NA
2019,Legume Trial,Rosemount,80 Lbs lb N/Ac,HiN,2,209,,107.28,1892.896,NA,1892.896,0,125.5980861,5.980861244,209,42.1219429,-29.097,0.83,5.5507,50.6961,NA,NA,NA
2019,Legume Trial,Rosemount,80 Lbs lb N/Ac,HiN,3,307,,352.832,5980.264,NA,5980.264,0,220.0956938,0,307,41.9051454,-29.832,0.96,3.6018,43.5324,NA,NA,NA
2019,Legume Trial,Rosemount,80 Lbs lb N/Ac,HiN,4,407,,154.96,4148.16,NA,4148.16,0,133.9712919,0,407,42.3116407,-29.323,0.86,3.1643,48.9781,NA,NA,NA
2019,Legume Trial,Rosemount,Alfalfa,Alf,1,104,,83.44,1625.888,278.708134,1904.596134,1,43.06220096,0,104,41.48,-29.658,1.03,2.36,40.172,2.71001554,0.65715562,0.372712536
2019,Legume Trial,Rosemount,Alfalfa,Alf,2,202,,395.744,4447.352,1017.942584,5465.294584,1,66.98564593,0,202,41.22,-29.863,0.87,3.09,47.3716,3.44540219,0.56412177,0.243697335
2019,Legume Trial,Rosemount,Alfalfa,Alf,3,303,,150.192,3645.136,919.8564593,4564.992459,1,2.392344498,0,303,41.31,-29.48,0.88,2.32,47.086,2.67133355,0.66204928,0.379498851
2019,Legume Trial,Rosemount,Alfalfa,Alf,4,406,,102.512,3415.08,1370.813397,4785.893397,1,19.13875598,0,406,40.84,-29.799,1.18,3.5,34.5907,3.85078741,0.51283644,0.172577121
2019,Legume Trial,Rosemount,Alsike Clover,AlCl,1,109,,174.032,3469.912,0,3469.912,1,10.76555024,0,109,41.4798053,-29,0.77,2.9744,53.5564,3.51460372,0.56557261,0.26413426
2019,Legume Trial,Rosemount,Alsike Clover,AlCl,2,207,,83.44,3496.136,28.70813397,3524.844134,1,407.8947368,0,207,41.43,-29.714,0.65,4.48,63.4159,5.01569911,0.38002766,0.000784191
2019,Legume Trial,Rosemount,Alsike Clover,AlCl,3,309,,71.52,2848.88,282.2966507,3131.176651,1,319.3779904,0,309,41.01,-29.402,0.75,2.98,54.3464,3.5187232,0.56506341,0.263411544
2019,Legume Trial,Rosemount,Alsike Clover,AlCl,4,402,,107.28,3601.032,21.53110048,3622.5631,1,428.2296651,38.27751196,402,41.21,-29.402,0.71,4.19,58.1611,4.73211816,0.41508007,0.050535234
2019,Legume Trial,Rosemount,Birdsfoot Trefoil,BTre,1,102,,35.76,2538.96,3861.244019,6400.204019,1,308.6124402,0,102,41.55,-29.199,1.13,3.1,36.8351,3.20613054,0.58126258,0.242193239
2019,Legume Trial,Rosemount,Birdsfoot Trefoil,BTre,2,204,,21.456,2140.832,4744.019139,6884.851139,1,25.11961722,0,204,41.39,-29.587,1.45,3.74,28.6256,3.84568061,0.497734,0.129991473
2019,Legume Trial,Rosemount,Birdsfoot Trefoil,BTre,3,305,,102.512,1983.488,2059.808612,4043.296612,1,0,0,305,41.3,-29.519,0.93,2.45,44.5543,2.5522129,0.66666765,0.356915632
2019,Legume Trial,Rosemount,Birdsfoot Trefoil,BTre,4,409,,69.136,3995.584,2611.244019,6606.828019,1,50.23923445,177.0334928,409,41.6069894,-29.314,0.9,3.3382,46.1179,3.44483626,0.55008637,0.200315042
2019,Legume Trial,Rosemount,Canada Milk Vetch,CMV,2,201,,114.432,3598.648,228.4688995,3827.1169,1,118.4210526,0,201,41.07,-29.35,0.77,3.09,53.5985,3.24420121,0.5791307,0.244579612
2019,Legume Trial,Rosemount,Canada Milk Vetch,CMV,3,306,,64.368,2353.008,291.8660287,2644.874029,1,55.02392344,0,306,39.99,-29.308,0.77,2.85,51.7803,3.01097507,0.60938706,0.285496478
2019,Legume Trial,Rosemount,none,None,1,106,,66.752,1093.064,NA,1093.064,0,33.49282297,0,106,40.97,-29.191,0.72,5.37,57.2201,NA,NA,NA
2019,Legume Trial,Rosemount,none,None,2,206,,40.528,3475.872,NA,3475.872,0,40.66985646,2.392344498,206,41.06,-28.827,0.7,3.82,58.6798,NA,NA,NA
2019,Legume Trial,Rosemount,none,None,3,304,,83.44,3019.336,NA,3019.336,0,107.6555024,23.92344498,304,41.4980583,-29.231,0.67,3.0161,61.7222,NA,NA,NA
2019,Legume Trial,Rosemount,none,None,4,405,,66.752,2190.896,NA,2190.896,0,105.2631579,86.12440191,405,42.09,-29.102,0.71,5.74,59.4728,NA,NA,NA
2019,Legume Trial,Rosemount,Red Clover,RdCl,1,101,,169.264,4064.72,1828.947368,5893.667368,1,14.35406699,0,101,41.41,-29.329,0.75,2.45,55.4347,2.94098145,0.63416594,0.355807465
2019,Legume Trial,Rosemount,Red Clover,RdCl,2,205,,85.824,2786.896,1550.239234,4337.135234,1,21.53110048,0,205,41.33,-29.776,0.95,4.68,43.7038,5.17316818,0.35650015,-0.035804242
2019,Legume Trial,Rosemount,Red Clover,RdCl,3,308,,152.576,4095.712,1854.066986,5949.778986,1,52.63157895,0,308,41.27,-29.697,0.91,2.79,45.4326,3.28333866,0.5915795,0.295744796
2019,Legume Trial,Rosemount,Red Clover,RdCl,4,404,,138.272,3515.208,1077.751196,4592.959196,1,129.1866029,0,404,41.11,-29.442,0.85,4.87,48.5405,5.36341018,0.3328356,-0.069180032
2019,Legume Trial,Rosemount,White Clover,WhCl,1,105,,112.048,1428.016,23.92344498,1451.939445,1,205.7416268,76.55502392,105,41.47,-29.363,0.81,2.94,51.0914,3.39251664,0.57632114,0.271006554
2019,Legume Trial,Rosemount,White Clover,WhCl,2,208,,107.28,3195.752,16.74641148,3212.498411,1,181.8181818,4.784688995,208,41.16,-29.371,0.72,6.38,57.2829,6.84009734,0.14576553,-0.333832164
2019,Legume Trial,Rosemount,White Clover,WhCl,3,302,,143.04,2937.088,9.56937799,2946.657378,1,224.8803828,4.784688995,302,41.44,-29.083,0.69,3.31,59.9913,3.76619877,0.52965336,0.205448287
2019,Legume Trial,Rosemount,White Clover,WhCl,4,401,,207.408,4510.528,4.784688995,4515.312689,1,47.84688995,383.9712919,401,42.06,-29.378,0.7,4.16,59.6898,4.61886784,0.42316667,0.055857221
2019,Legume Trial,Saint Paul,40 Lbs lb N/Ac,MedN,1,103,,288.464,9606.328,NA,9606.328,0,155.5023923,0,103,42.6187704,-30.708,0.99,6.1,43.0748,NA,NA,NA
2019,Legume Trial,Saint Paul,40 Lbs lb N/Ac,MedN,2,204,,NA,NA,NA,NA,NA,NA,0,204,NA,NA,NA,NA,NA,NA,NA,NA
2019,Legume Trial,Saint Paul,40 Lbs lb N/Ac,MedN,3,304,,312.304,6906.448,NA,6906.448,0,0,0,304,43.2601296,-30.21,1.01,4.0875,42.9715,NA,NA,NA
2019,Legume Trial,Saint Paul,40 Lbs lb N/Ac,MedN,4,401,,333.76,6384.352,NA,6384.352,0,11.96172249,0,401,43.2872293,-30.636,0.84,5.6244,51.3319,NA,NA,NA
2019,Legume Trial,Saint Paul,80 Lbs lb N/Ac,HiN,1,105,,259.856,7358.216,NA,7358.216,0,38.27751196,0,105,43.1697973,-31.179,1.4,5.4387,30.7485,NA,NA,NA
2019,Legume Trial,Saint Paul,80 Lbs lb N/Ac,HiN,2,201,,221.712,5198.312,NA,5198.312,0,0,0,201,43.3594951,-30.321,0.98,4.4421,44.0676,NA,NA,NA
2019,Legume Trial,Saint Paul,80 Lbs lb N/Ac,HiN,3,306,,NA,NA,NA,NA,NA,NA,0,306,NA,NA,NA,NA,NA,NA,NA,NA
2019,Legume Trial,Saint Paul,80 Lbs lb N/Ac,HiN,4,402,,73.904,4720.32,NA,4720.32,0,0,0,402,43.2330299,-30.248,1.15,5.484,37.6832,NA,NA,NA
2019,Legume Trial,Saint Paul,Alfalfa,Alf,1,101,,NA,NA,NA,NA,NA,NA,0,101,NA,NA,NA,NA,NA,NA,NA,NA
2019,Legume Trial,Saint Paul,Alfalfa,Alf,2,206,,455.344,6892.144,1344.497608,8236.641608,1,0,0,206,42.52,-30.45,0.86,4.48,49.5353,4.21658449,0.40451582,0.234330041
2019,Legume Trial,Saint Paul,Alfalfa,Alf,3,308,,302.768,7209.216,1033.492823,8242.708823,1,0,0,308,42.69,-30.53,0.82,4.67,51.8198,4.05834531,0.39706064,0.208555738
2019,Legume Trial,Saint Paul,Alfalfa,Alf,4,406,,271.776,5723.984,851.6746411,6575.658641,1,7.177033493,0,406,42.05,-30.57,0.85,5.59,49.1921,5.690858,0.2351958,0.084562097
2019,Legume Trial,Saint Paul,Alsike Clover,AlCl,1,102,,157.344,8613.392,0,8613.392,1,270.3349282,0,102,41.22,-30.57,0.79,5.86,52.1043,NA,NA,NA
2019,Legume Trial,Saint Paul,Alsike Clover,AlCl,2,208,,390.976,4844.288,19.13875598,4863.426756,1,52.63157895,14.35406699,208,42.39256,-31.139,0.92,6.0119,46.156,5.7819138,0.18689818,0.027968575
2019,Legume Trial,Saint Paul,Alsike Clover,AlCl,3,307,,NA,NA,NA,NA,NA,NA,0,307,NA,NA,NA,NA,NA,NA,NA,NA
2019,Legume Trial,Saint Paul,Alsike Clover,AlCl,4,405,,679.44,8551.408,0,8551.408,1,21.53110048,1.196172249,405,41.5,-30.75,0.55,5.05,75.8161,NA,NA,NA
2019,Legume Trial,Saint Paul,Birdsfoot Trefoil,BTre,1,109,,326.608,5325.856,0,5325.856,1,177.0334928,1.196172249,109,41.99,-30.92,0.69,6.36,60.5147,NA,NA,NA
2019,Legume Trial,Saint Paul,Birdsfoot Trefoil,BTre,2,207,,135.888,4956.336,1.196172249,4957.532172,1,90.90909091,0,207,42.43,-30.69,0.8,6.46,52.7848,NA,NA,NA
2019,Legume Trial,Saint Paul,Birdsfoot Trefoil,BTre,3,301,,352.832,6727.648,90.90909091,6818.557091,1,2.392344498,14.35406699,301,42.68,-30.36,0.72,4.11,59.3614,5.71475314,0.36083268,0.282963288
2019,Legume Trial,Saint Paul,Birdsfoot Trefoil,BTre,4,409,,NA,NA,NA,NA,NA,NA,0,409,NA,NA,NA,NA,NA,NA,NA,NA
2019,Legume Trial,Saint Paul,Canada Milk Vetch,CMV,1,108,,834.4,7291.464,0,7291.464,1,37.08133971,7.177033493,108,41.78,-30.64,0.57,5.67,73.2745,5.64598841,0.22878857,0.074463924
2019,Legume Trial,Saint Paul,Canada Milk Vetch,CMV,2,202,,216.944,8646.768,117.2248804,8763.99288,1,0,11.96172249,202,41.8599852,-30.911,0.69,6.2061,60.5431,6.43605395,0.14989967,0.001874469
2019,Legume Trial,Saint Paul,Canada Milk Vetch,CMV,3,309,,345.68,6532.16,59.80861244,6591.968612,1,4.784688995,0,309,41.264325,-29.798,0.69,3.0533,59.8843,2.7732956,0.60723392,0.425632312
2019,Legume Trial,Saint Paul,Canada Milk Vetch,CMV,4,403,,326.608,5743.056,0,5743.056,1,4.784688995,4.784688995,403,41.89,-30.98,0.64,5.08,65.0435,5.06316357,0.30839928,0.152800595
2019,Legume Trial,Saint Paul,none,None,1,106,,503.024,7762.304,NA,7762.304,0,47.84688995,2.392344498,106,42.83,-30.52,0.58,6.76,74.3418,NA,NA,NA
2019,Legume Trial,Saint Paul,none,None,2,209,,216.944,6455.872,NA,6455.872,0,2.392344498,1.196172249,209,42.880734,-31.013,1,6.0646,42.7496,NA,NA,NA
2019,Legume Trial,Saint Paul,none,None,3,303,,238.4,5173.28,NA,5173.28,0,22.72727273,0,303,42.57,-30.72,0.78,6.7,54.9226,NA,NA,NA
2019,Legume Trial,Saint Paul,none,None,4,408,,555.472,8845.832,NA,8845.832,0,0,0,408,42.47,-30.59,0.55,5.39,77.4772,NA,NA,NA
2019,Legume Trial,Saint Paul,Red Clover,RdCl,1,104,,700.896,5015.936,62.20095694,5078.136957,1,9.56937799,0,104,42.2,-30.07,0.49,7.31,86.1195,3.82978174,0.00806871,-0.146476041
2019,Legume Trial,Saint Paul,Red Clover,RdCl,2,205,,234.824,8625.312,0,8625.312,1,0,0,205,41.441035,-30.929,0.8,5.4309,51.6323,NA,NA,NA
2019,Legume Trial,Saint Paul,Red Clover,RdCl,3,302,,321.84,7233.056,117.2248804,7350.28088,1,0,7.177033493,302,42.41,-30.95,0.73,5.59,57.9769,3.9295709,0.30828794,0.084735094
2019,Legume Trial,Saint Paul,Red Clover,RdCl,4,404,,469.648,9078.272,289.4736842,9367.745684,1,2.392344498,0,404,42.31,-30.33,0.7,5.01,60.4337,4.49444397,0.34108091,0.162037101
2019,Legume Trial,Saint Paul,White Clover,WhCl,1,107,,417.2,6882.608,0,6882.608,1,7.177033493,0,107,41.79,-30.88,0.87,5.58,48.1534,NA,NA,NA
2019,Legume Trial,Saint Paul,White Clover,WhCl,2,203,,NA,NA,NA,NA,NA,NA,0,203,NA,NA,NA,NA,NA,NA,NA,NA
2019,Legume Trial,Saint Paul,White Clover,WhCl,3,305,,183.568,7283.12,0,7283.12,1,2.392344498,698.5645933,305,41.95,-31.03,0.77,5.49,54.7411,NA,NA,NA
2019,Legume Trial,Saint Paul,White Clover,WhCl,4,407,,448.192,5819.344,2.392344498,5821.736344,1,342.1052632,0,407,42.37,-31.05,0.58,5.68,72.8835,NA,NA,NA